"id","parent_id","domain_id","is_standard","type","subtype","concept_id","code","name","value","est_count","is_group","is_selectable","has_attribute","has_hierarchy","has_ancestor_data","path","synonyms"
324898,324836,"SURVEY",0,"PPI","QUESTION",1585370,"","Do you own or rent the place where you live?","",538042,1,1,0,1,0,324836.324898,"Do you own or rent the place where you live?|[survey_rank1]"
324899,324898,"SURVEY",0,"PPI","ANSWER",1585370,"","Own",1585371,107643,0,1,0,1,0,"324836.324898.324899","Own|[survey_rank1]"
324900,324898,"SURVEY",0,"PPI","ANSWER",1585370,"","Rent",1585372,107778,0,1,0,1,0,"324836.324898.324900","Rent|[survey_rank1]"
324901,324898,"SURVEY",0,"PPI","ANSWER",1585370,"","Other arrangement",1585373,108288,0,1,0,1,0,"324836.324898.324901","Other arrangement|[survey_rank1]"
324888,324836,"SURVEY",0,"PPI","QUESTION",1585375,"","What is your annual household income from all sources?","",510508,1,1,0,1,0,324836.324888,"What is your annual household income from all sources?|[survey_rank1]"
324889,324888,"SURVEY",0,"PPI","ANSWER",1585375,"","Less than $10,000",1585376,46263,0,1,0,1,0,"324836.324888.324889","Less than $10,000|[survey_rank1]"
324890,324888,"SURVEY",0,"PPI","ANSWER",1585375,"","$10,000--$24,999",1585377,46702,0,1,0,1,0,"324836.324888.324890","$10,000--$24,999|[survey_rank1]"
324891,324888,"SURVEY",0,"PPI","ANSWER",1585375,"","$25,000--$34,999",1585378,46663,0,1,0,1,0,"324836.324888.324891","$25,000--$34,999|[survey_rank1]"
324892,324888,"SURVEY",0,"PPI","ANSWER",1585375,"","$35,000--$49,999",1585379,46174,0,1,0,1,0,"324836.324888.324892","$35,000--$49,999|[survey_rank1]"
324893,324888,"SURVEY",0,"PPI","ANSWER",1585375,"","$50,000--$74,999",1585380,46494,0,1,0,1,0,"324836.324888.324893","$50,000--$74,999|[survey_rank1]"
324894,324888,"SURVEY",0,"PPI","ANSWER",1585375,"","$75,000--$99,999",1585381,46221,0,1,0,1,0,"324836.324888.324894","$75,000--$99,999|[survey_rank1]"
324895,324888,"SURVEY",0,"PPI","ANSWER",1585375,"","$100,000--$149,999",1585382,46540,0,1,0,1,0,"324836.324888.324895","$100,000--$149,999|[survey_rank1]"
324896,324888,"SURVEY",0,"PPI","ANSWER",1585375,"","$150,000--$199,999",1585383,46172,0,1,0,1,0,"324836.324888.324896","$150,000--$199,999|[survey_rank1]"
324897,324888,"SURVEY",0,"PPI","ANSWER",1585375,"","$200,000 or more",1585384,46531,0,1,0,1,0,"324836.324888.324897","$200,000 or more|[survey_rank1]"
324873,324836,"SURVEY",0,"PPI","QUESTION",1585386,"","Are you covered by health insurance or some other kind of health care plan?","",537563,1,1,0,1,0,324836.324873,"Are you covered by health insurance or some other kind of health care plan?|[survey_rank1]"
324874,324873,"SURVEY",0,"PPI","ANSWER",1585386,"","Yes",1585387,134702,0,1,0,1,0,"324836.324873.324874","Yes|[survey_rank1]"
324875,324873,"SURVEY",0,"PPI","ANSWER",1585386,"","No",1585388,134106,0,1,0,1,0,"324836.324873.324875","No|[survey_rank1]"
324902,324836,"SURVEY",0,"PPI","QUESTION",1585402,"","Where are you currently living?","",35893,1,1,0,1,0,324836.324902,"Where are you currently living?|[survey_rank1]"
324903,324902,"SURVEY",0,"PPI","ANSWER",1585402,"","On a college campus",1585403,3958,0,1,0,1,0,"324836.324902.324903","On a college campus|[survey_rank1]"
324904,324902,"SURVEY",0,"PPI","ANSWER",1585402,"","With a friend/roommate",1585404,3962,0,1,0,1,0,"324836.324902.324904","With a friend/roommate|[survey_rank1]"
324905,324902,"SURVEY",0,"PPI","ANSWER",1585402,"","With family",1585405,3890,0,1,0,1,0,"324836.324902.324905","With family|[survey_rank1]"
324906,324902,"SURVEY",0,"PPI","ANSWER",1585402,"","Motel/hotel",1585406,0,0,1,0,1,0,"324836.324902.324906","Motel/hotel|[survey_rank1]"
324907,324902,"SURVEY",0,"PPI","ANSWER",1585402,"","Hospital, rehabilitation center, drug treatment center, or other temporary institution",1585407,4083,0,1,0,1,0,"324836.324902.324907","Hospital, rehabilitation center, drug treatment center, or other temporary institution|[survey_rank1]"
324908,324902,"SURVEY",0,"PPI","ANSWER",1585402,"","In a group home, nursing home, or other residential facility",1585874,3945,0,1,0,1,0,"324836.324902.324908","In a group home, nursing home, or other residential facility|[survey_rank1]"
324909,324902,"SURVEY",0,"PPI","ANSWER",1585402,"","Transitional housing",1585875,4031,0,1,0,1,0,"324836.324902.324909","Transitional housing|[survey_rank1]"
324910,324902,"SURVEY",0,"PPI","ANSWER",1585402,"","Emergency shelter or homeless shelter",1585876,4095,0,1,0,1,0,"324836.324902.324910","Emergency shelter or homeless shelter|[survey_rank1]"
324911,324902,"SURVEY",0,"PPI","ANSWER",1585402,"","Anywhere outside (e.g., street, vehicle, abandoned building)",1585877,3965,0,1,0,1,0,"324836.324902.324911","Anywhere outside (e.g., street, vehicle, abandoned building)|[survey_rank1]"
324912,324902,"SURVEY",0,"PPI","ANSWER",1585402,"","Other",1585878,0,0,1,0,1,0,"324836.324902.324912","Other|[survey_rank1]"
324989,324923,"SURVEY",0,"PPI","TOPIC",1585635,"","Recreational Drug Use","",-1,1,0,0,1,0,324923.324989,"Recreational Drug Use"
324990,324989,"SURVEY",0,"PPI","QUESTION",1585636,"","In your LIFETIME, which of the following substances have you ever used?","",514452,1,1,0,1,0,"324923.324989.324990","In your LIFETIME, which of the following substances have you ever used?|[survey_rank1]"
324991,324990,"SURVEY",0,"PPI","ANSWER",1585636,"","Marijuana (cannabis, pot, grass, hash, weed, etc.)",1585637,59135,0,1,0,1,0,"324923.324989.324990.324991","Marijuana (cannabis, pot, grass, hash, weed, etc.)|[survey_rank1]"
324992,324990,"SURVEY",0,"PPI","ANSWER",1585636,"","Cocaine (coke, crack, etc.)",1585638,58733,0,1,0,1,0,"324923.324989.324990.324992","Cocaine (coke, crack, etc.)|[survey_rank1]"
324993,324990,"SURVEY",0,"PPI","ANSWER",1585636,"","Prescription stimulants for non-medical reasons (Ritalin, Concerta, Dexedrine, Adderall, diet pills,etc.)",1585639,58762,0,1,0,1,0,"324923.324989.324990.324993","Prescription stimulants for non-medical reasons (Ritalin, Concerta, Dexedrine, Adderall, diet pills,etc.)|[survey_rank1]"
324994,324990,"SURVEY",0,"PPI","ANSWER",1585636,"","Other stimulants (methamphetamine, speed, crystal meth, ice, k2/spice, bath salts, etc.)",1585640,59034,0,1,0,1,0,"324923.324989.324990.324994","Other stimulants (methamphetamine, speed, crystal meth, ice, k2/spice, bath salts, etc.)|[survey_rank1]"
324995,324990,"SURVEY",0,"PPI","ANSWER",1585636,"","Inhalants (nitrous oxide, glue, gas, paint thinner, etc.)",1585641,58879,0,1,0,1,0,"324923.324989.324990.324995","Inhalants (nitrous oxide, glue, gas, paint thinner, etc.)|[survey_rank1]"
324996,324990,"SURVEY",0,"PPI","ANSWER",1585636,"","Sedatives or sleeping pills for non-medical reasons (Valium, Serepax, Ativan, Xanax, Librium, Rohypnol, GHB, etc.)",1585642,58778,0,1,0,1,0,"324923.324989.324990.324996","Sedatives or sleeping pills for non-medical reasons (Valium, Serepax, Ativan, Xanax, Librium, Rohypnol, GHB, etc.)|[survey_rank1]"
324997,324990,"SURVEY",0,"PPI","ANSWER",1585636,"","Hallucinogens (LSD, acid, mushrooms, PCP, Special K, ecstasy, etc.)",1585643,59146,0,1,0,1,0,"324923.324989.324990.324997","Hallucinogens (LSD, acid, mushrooms, PCP, Special K, ecstasy, etc.)|[survey_rank1]"
324998,324990,"SURVEY",0,"PPI","ANSWER",1585636,"","Street opioids (heroin, opium, etc.)",1585644,59104,0,1,0,1,0,"324923.324989.324990.324998","Street opioids (heroin, opium, etc.)|[survey_rank1]"
324999,324990,"SURVEY",0,"PPI","ANSWER",1585636,"","Prescription opioids for non-medical reasons (fentanyl, oxycodone [OxyContin, Percocet], hydrocodone [Vicodin], methadone, buprenorphine, etc.)",1585645,58902,0,1,0,1,0,"324923.324989.324990.324999","Prescription opioids for non-medical reasons (fentanyl, oxycodone [OxyContin, Percocet], hydrocodone [Vicodin], methadone, buprenorphine, etc.)|[survey_rank1]"
325000,324990,"SURVEY",0,"PPI","ANSWER",1585636,"","Other drugs",1585646,58661,0,1,0,1,0,"324923.324989.324990.325000","Other drugs|[survey_rank1]"
325001,324989,"SURVEY",0,"PPI","TOPIC",1585649,"","How often was the drug used","",-1,1,0,0,1,0,"324923.324989.325001","How often was the drug used"
325002,325001,"SURVEY",0,"PPI","QUESTION",1585650,"","In the PAST THREE MONTHS, how often have you used marijuana (cannabis, pot, grass, hash, etc.)?","",255265,1,1,0,1,0,"324923.324989.325001.325002","In the PAST THREE MONTHS, how often have you used marijuana (cannabis, pot, grass, hash, etc.)?|[survey_rank1]"
325003,325002,"SURVEY",0,"PPI","ANSWER",1585650,"","Never",1585651,42229,0,1,0,1,0,"324923.324989.325001.325002.325003","Never|[survey_rank1]"
325004,325002,"SURVEY",0,"PPI","ANSWER",1585650,"","Once or twice",1585652,42670,0,1,0,1,0,"324923.324989.325001.325002.325004","Once or twice|[survey_rank1]"
325005,325002,"SURVEY",0,"PPI","ANSWER",1585650,"","Monthly",1585653,42521,0,1,0,1,0,"324923.324989.325001.325002.325005","Monthly|[survey_rank1]"
325006,325002,"SURVEY",0,"PPI","ANSWER",1585650,"","Weekly",1585654,42830,0,1,0,1,0,"324923.324989.325001.325002.325006","Weekly|[survey_rank1]"
325007,325002,"SURVEY",0,"PPI","ANSWER",1585650,"","Daily or almost daily",1585655,42523,0,1,0,1,0,"324923.324989.325001.325002.325007","Daily or almost daily|[survey_rank1]"
325008,325001,"SURVEY",0,"PPI","QUESTION",1585656,"","In the PAST THREE MONTHS, how often have you used cocaine (coke, crack, etc.)?","",70053,1,1,0,1,0,"324923.324989.325001.325008","In the PAST THREE MONTHS, how often have you used cocaine (coke, crack, etc.)?|[survey_rank1]"
325009,325008,"SURVEY",0,"PPI","ANSWER",1585656,"","Never",1585657,14099,0,1,0,1,0,"324923.324989.325001.325008.325009","Never|[survey_rank1]"
325010,325008,"SURVEY",0,"PPI","ANSWER",1585656,"","Once or twice",1585658,14094,0,1,0,1,0,"324923.324989.325001.325008.325010","Once or twice|[survey_rank1]"
325011,325008,"SURVEY",0,"PPI","ANSWER",1585656,"","Monthly",1585659,13840,0,1,0,1,0,"324923.324989.325001.325008.325011","Monthly|[survey_rank1]"
325012,325008,"SURVEY",0,"PPI","ANSWER",1585656,"","Weekly",1585660,14024,0,1,0,1,0,"324923.324989.325001.325008.325012","Weekly|[survey_rank1]"
325013,325008,"SURVEY",0,"PPI","ANSWER",1585656,"","Daily or almost daily",1585661,0,0,1,0,1,0,"324923.324989.325001.325008.325013","Daily or almost daily|[survey_rank1]"
325020,325001,"SURVEY",0,"PPI","QUESTION",1585668,"","In the PAST THREE MONTHS, how often have you used other stimulants (methamphetamine, speed, crystal meth, ice, k2/spice, bath salts, etc.)","",22734,1,1,0,1,0,"324923.324989.325001.325020","In the PAST THREE MONTHS, how often have you used other stimulants (methamphetamine, speed, crystal meth, ice, k2/spice, bath salts, etc.)|[survey_rank1]"
325021,325020,"SURVEY",0,"PPI","ANSWER",1585668,"","Never",1585669,4583,0,1,0,1,0,"324923.324989.325001.325020.325021","Never|[survey_rank1]"
325022,325020,"SURVEY",0,"PPI","ANSWER",1585668,"","Once or twice",1585670,4635,0,1,0,1,0,"324923.324989.325001.325020.325022","Once or twice|[survey_rank1]"
325023,325020,"SURVEY",0,"PPI","ANSWER",1585668,"","Monthly",1585671,0,0,1,0,1,0,"324923.324989.325001.325020.325023","Monthly|[survey_rank1]"
325024,325020,"SURVEY",0,"PPI","ANSWER",1585668,"","Weekly",1585672,4467,0,1,0,1,0,"324923.324989.325001.325020.325024","Weekly|[survey_rank1]"
325025,325020,"SURVEY",0,"PPI","ANSWER",1585668,"","Daily or almost daily",1585673,4521,0,1,0,1,0,"324923.324989.325001.325020.325025","Daily or almost daily|[survey_rank1]"
325026,325001,"SURVEY",0,"PPI","QUESTION",1585674,"","In the PAST THREE MONTHS, how often have you used inhalants (nitrous oxide, glue, gas, paint thinner, etc.)?","",21160,1,1,0,1,0,"324923.324989.325001.325026","In the PAST THREE MONTHS, how often have you used inhalants (nitrous oxide, glue, gas, paint thinner, etc.)?|[survey_rank1]"
325027,325026,"SURVEY",0,"PPI","ANSWER",1585674,"","Never",1585675,7031,0,1,0,1,0,"324923.324989.325001.325026.325027","Never|[survey_rank1]"
325028,325026,"SURVEY",0,"PPI","ANSWER",1585674,"","Once or twice",1585676,7016,0,1,0,1,0,"324923.324989.325001.325026.325028","Once or twice|[survey_rank1]"
325029,325026,"SURVEY",0,"PPI","ANSWER",1585674,"","Monthly",1585677,7113,0,1,0,1,0,"324923.324989.325001.325026.325029","Monthly|[survey_rank1]"
325030,325026,"SURVEY",0,"PPI","ANSWER",1585674,"","Weekly",1585678,0,0,1,0,1,0,"324923.324989.325001.325026.325030","Weekly|[survey_rank1]"
325031,325026,"SURVEY",0,"PPI","ANSWER",1585674,"","Daily or almost daily",1585679,0,0,1,0,1,0,"324923.324989.325001.325026.325031","Daily or almost daily|[survey_rank1]"
325032,325001,"SURVEY",0,"PPI","QUESTION",1585680,"","In the PAST THREE MONTHS, how often have you used sedatives or sleeping pills for non-medical reasons (Valium, Serepax, Ativan, Xanax, Librium, Rohypnol, GHB, etc.)?","",48141,1,1,0,1,0,"324923.324989.325001.325032","In the PAST THREE MONTHS, how often have you used sedatives or sleeping pills for non-medical reasons (Valium, Serepax, Ativan, Xanax, Librium, Rohypnol, GHB, etc.)?|[survey_rank1]"
325033,325032,"SURVEY",0,"PPI","ANSWER",1585680,"","Never",1585681,9656,0,1,0,1,0,"324923.324989.325001.325032.325033","Never|[survey_rank1]"
325034,325032,"SURVEY",0,"PPI","ANSWER",1585680,"","Once or twice",1585682,9546,0,1,0,1,0,"324923.324989.325001.325032.325034","Once or twice|[survey_rank1]"
325035,325032,"SURVEY",0,"PPI","ANSWER",1585680,"","Monthly",1585683,9642,0,1,0,1,0,"324923.324989.325001.325032.325035","Monthly|[survey_rank1]"
325036,325032,"SURVEY",0,"PPI","ANSWER",1585680,"","Weekly",1585684,9623,0,1,0,1,0,"324923.324989.325001.325032.325036","Weekly|[survey_rank1]"
325037,325032,"SURVEY",0,"PPI","ANSWER",1585680,"","Daily or almost daily",1585685,9674,0,1,0,1,0,"324923.324989.325001.325032.325037","Daily or almost daily|[survey_rank1]"
325038,325001,"SURVEY",0,"PPI","QUESTION",1585686,"","In the PAST THREE MONTHS, how often have you used hallucinogens (LSD, acid, mushrooms, PCP, Special K, ecstasy, etc.)?","",56789,1,1,0,1,0,"324923.324989.325001.325038","In the PAST THREE MONTHS, how often have you used hallucinogens (LSD, acid, mushrooms, PCP, Special K, ecstasy, etc.)?|[survey_rank1]"
325039,325038,"SURVEY",0,"PPI","ANSWER",1585686,"","Never",1585687,18797,0,1,0,1,0,"324923.324989.325001.325038.325039","Never|[survey_rank1]"
325040,325038,"SURVEY",0,"PPI","ANSWER",1585686,"","Once or twice",1585688,18881,0,1,0,1,0,"324923.324989.325001.325038.325040","Once or twice|[survey_rank1]"
325041,325038,"SURVEY",0,"PPI","ANSWER",1585686,"","Monthly",1585689,0,0,1,0,1,0,"324923.324989.325001.325038.325041","Monthly|[survey_rank1]"
325042,325038,"SURVEY",0,"PPI","ANSWER",1585686,"","Weekly",1585690,19111,0,1,0,1,0,"324923.324989.325001.325038.325042","Weekly|[survey_rank1]"
325043,325038,"SURVEY",0,"PPI","ANSWER",1585686,"","Daily or almost daily",1585691,0,0,1,0,1,0,"324923.324989.325001.325038.325043","Daily or almost daily|[survey_rank1]"
325044,325001,"SURVEY",0,"PPI","QUESTION",1585692,"","In the PAST THREE MONTHS, how often have you used street opioids (heroin, opium, etc.)?","",10561,1,1,0,1,0,"324923.324989.325001.325044","In the PAST THREE MONTHS, how often have you used street opioids (heroin, opium, etc.)?|[survey_rank1]"
325045,325044,"SURVEY",0,"PPI","ANSWER",1585692,"","Never",1585693,2097,0,1,0,1,0,"324923.324989.325001.325044.325045","Never|[survey_rank1]"
325046,325044,"SURVEY",0,"PPI","ANSWER",1585692,"","Once or twice",1585694,2094,0,1,0,1,0,"324923.324989.325001.325044.325046","Once or twice|[survey_rank1]"
325047,325044,"SURVEY",0,"PPI","ANSWER",1585692,"","Monthly",1585695,0,0,1,0,1,0,"324923.324989.325001.325044.325047","Monthly|[survey_rank1]"
325048,325044,"SURVEY",0,"PPI","ANSWER",1585692,"","Weekly",1585696,2103,0,1,0,1,0,"324923.324989.325001.325044.325048","Weekly|[survey_rank1]"
325049,325044,"SURVEY",0,"PPI","ANSWER",1585692,"","Daily or almost daily",1585697,2088,0,1,0,1,0,"324923.324989.325001.325044.325049","Daily or almost daily|[survey_rank1]"
325050,325001,"SURVEY",0,"PPI","QUESTION",1585698,"","In the PAST THREE MONTHS, how often have you used prescription opioids for non-medical reasons (obana, fentanyl, oxycodone [OxyContin, Percocet], hydrocodone [Vicodin], methadone, buprenorphine [Supoxone], etc.)","",50747,1,1,0,1,0,"324923.324989.325001.325050","In the PAST THREE MONTHS, how often have you used prescription opioids for non-medical reasons (obana, fentanyl, oxycodone [OxyContin, Percocet], hydrocodone [Vicodin], methadone, buprenorphine [Supoxone], etc.)|[survey_rank1]"
325051,325050,"SURVEY",0,"PPI","ANSWER",1585698,"","Never",1585699,8499,0,1,0,1,0,"324923.324989.325001.325050.325051","Never|[survey_rank1]"
325052,325050,"SURVEY",0,"PPI","ANSWER",1585698,"","Once or twice",1585700,8515,0,1,0,1,0,"324923.324989.325001.325050.325052","Once or twice|[survey_rank1]"
325053,325050,"SURVEY",0,"PPI","ANSWER",1585698,"","Monthly",1585701,8504,0,1,0,1,0,"324923.324989.325001.325050.325053","Monthly|[survey_rank1]"
325054,325050,"SURVEY",0,"PPI","ANSWER",1585698,"","Weekly",1585702,8480,0,1,0,1,0,"324923.324989.325001.325050.325054","Weekly|[survey_rank1]"
325055,325050,"SURVEY",0,"PPI","ANSWER",1585698,"","Daily or almost daily",1585703,8412,0,1,0,1,0,"324923.324989.325001.325050.325055","Daily or almost daily|[survey_rank1]"
325056,325001,"SURVEY",0,"PPI","QUESTION",1585704,"","In the PAST THREE MONTHS, how often have you used other drugs?","",3873,1,1,0,1,0,"324923.324989.325001.325056","In the PAST THREE MONTHS, how often have you used other drugs?|[survey_rank1]"
325057,325056,"SURVEY",0,"PPI","ANSWER",1585704,"","Never",1585705,777,0,1,0,1,0,"324923.324989.325001.325056.325057","Never|[survey_rank1]"
325058,325056,"SURVEY",0,"PPI","ANSWER",1585704,"","Once or twice",1585706,792,0,1,0,1,0,"324923.324989.325001.325056.325058","Once or twice|[survey_rank1]"
325059,325056,"SURVEY",0,"PPI","ANSWER",1585704,"","Monthly",1585707,0,0,1,0,1,0,"324923.324989.325001.325056.325059","Monthly|[survey_rank1]"
325060,325056,"SURVEY",0,"PPI","ANSWER",1585704,"","Weekly",1585708,745,0,1,0,1,0,"324923.324989.325001.325056.325060","Weekly|[survey_rank1]"
325061,325056,"SURVEY",0,"PPI","ANSWER",1585704,"","Daily or almost daily",1585709,750,0,1,0,1,0,"324923.324989.325001.325056.325061","Daily or almost daily|[survey_rank1]"
325062,0,"SURVEY",0,"PPI","SURVEY",1585710,"","Overall Health","",567857,1,1,0,1,0,325062,"Overall Health|[survey_rank1]"
325081,325062,"SURVEY",0,"PPI","QUESTION",1585711,"","In general, would you say your health is:","",519474,1,1,0,1,0,325062.325081,"In general, would you say your health is:|[survey_rank1]"
325082,325081,"SURVEY",0,"PPI","ANSWER",1585711,"","5 = Excellent",1585712,104081,0,1,0,1,0,"325062.325081.325082","5 = Excellent|[survey_rank1]"
325083,325081,"SURVEY",0,"PPI","ANSWER",1585711,"","4 = Very Good",1585713,104044,0,1,0,1,0,"325062.325081.325083","4 = Very Good|[survey_rank1]"
325084,325081,"SURVEY",0,"PPI","ANSWER",1585711,"","3 = Good",1585714,103481,0,1,0,1,0,"325062.325081.325084","3 = Good|[survey_rank1]"
325085,325081,"SURVEY",0,"PPI","ANSWER",1585711,"","2 = Fair",1585715,104345,0,1,0,1,0,"325062.325081.325085","2 = Fair|[survey_rank1]"
325086,325081,"SURVEY",0,"PPI","ANSWER",1585711,"","1 = Poor",1585716,103523,0,1,0,1,0,"325062.325081.325086","1 = Poor|[survey_rank1]"
325087,325062,"SURVEY",0,"PPI","QUESTION",1585717,"","In general, would you say your quality of life is:","",519290,1,1,0,1,0,325062.325087,"In general, would you say your quality of life is:|[survey_rank1]"
325088,325087,"SURVEY",0,"PPI","ANSWER",1585717,"","5 = Excellent",1585718,103353,0,1,0,1,0,"325062.325087.325088","5 = Excellent|[survey_rank1]"
325089,325087,"SURVEY",0,"PPI","ANSWER",1585717,"","4 = Very Good",1585719,103898,0,1,0,1,0,"325062.325087.325089","4 = Very Good|[survey_rank1]"
325090,325087,"SURVEY",0,"PPI","ANSWER",1585717,"","3 = Good",1585720,104332,0,1,0,1,0,"325062.325087.325090","3 = Good|[survey_rank1]"
325091,325087,"SURVEY",0,"PPI","ANSWER",1585717,"","2 = Fair",1585721,103324,0,1,0,1,0,"325062.325087.325091","2 = Fair|[survey_rank1]"
325092,325087,"SURVEY",0,"PPI","ANSWER",1585717,"","1 = Poor",1585722,104383,0,1,0,1,0,"325062.325087.325092","1 = Poor|[survey_rank1]"
325093,325062,"SURVEY",0,"PPI","QUESTION",1585723,"","In general, how would you rate your physical health?","",518401,1,1,0,1,0,325062.325093,"In general, how would you rate your physical health?|[survey_rank1]"
325094,325093,"SURVEY",0,"PPI","ANSWER",1585723,"","5 = Excellent",1585724,103429,0,1,0,1,0,"325062.325093.325094","5 = Excellent|[survey_rank1]"
325095,325093,"SURVEY",0,"PPI","ANSWER",1585723,"","4 = Very Good",1585725,103029,0,1,0,1,0,"325062.325093.325095","4 = Very Good|[survey_rank1]"
325096,325093,"SURVEY",0,"PPI","ANSWER",1585723,"","3 = Good",1585726,104403,0,1,0,1,0,"325062.325093.325096","3 = Good|[survey_rank1]"
325097,325093,"SURVEY",0,"PPI","ANSWER",1585723,"","2 = Fair",1585727,103563,0,1,0,1,0,"325062.325093.325097","2 = Fair|[survey_rank1]"
325098,325093,"SURVEY",0,"PPI","ANSWER",1585723,"","1 = Poor",1585728,103977,0,1,0,1,0,"325062.325093.325098","1 = Poor|[survey_rank1]"
325099,325062,"SURVEY",0,"PPI","QUESTION",1585729,"","In general, how would you rate your mental health, including your mood and your ability to think?","",520306,1,1,0,1,0,325062.325099,"In general, how would you rate your mental health, including your mood and your ability to think?|[survey_rank1]"
325100,325099,"SURVEY",0,"PPI","ANSWER",1585729,"","5 = Excellent",1585730,104272,0,1,0,1,0,"325062.325099.325100","5 = Excellent|[survey_rank1]"
325101,325099,"SURVEY",0,"PPI","ANSWER",1585729,"","4 = Very Good",1585731,103880,0,1,0,1,0,"325062.325099.325101","4 = Very Good|[survey_rank1]"
325102,325099,"SURVEY",0,"PPI","ANSWER",1585729,"","3 = Good",1585732,104098,0,1,0,1,0,"325062.325099.325102","3 = Good|[survey_rank1]"
325103,325099,"SURVEY",0,"PPI","ANSWER",1585729,"","2 = Fair",1585733,103542,0,1,0,1,0,"325062.325099.325103","2 = Fair|[survey_rank1]"
325104,325099,"SURVEY",0,"PPI","ANSWER",1585729,"","1 = Poor",1585734,104514,0,1,0,1,0,"325062.325099.325104","1 = Poor|[survey_rank1]"
325105,325062,"SURVEY",0,"PPI","QUESTION",1585735,"","In general, how would you rate your satisfaction with your social activities and relationships?","",519633,1,1,0,1,0,325062.325105,"In general, how would you rate your satisfaction with your social activities and relationships?|[survey_rank1]"
325106,325105,"SURVEY",0,"PPI","ANSWER",1585735,"","5 = Excellent",1585736,103622,0,1,0,1,0,"325062.325105.325106","5 = Excellent|[survey_rank1]"
325107,325105,"SURVEY",0,"PPI","ANSWER",1585735,"","4 = Very Good",1585737,103572,0,1,0,1,0,"325062.325105.325107","4 = Very Good|[survey_rank1]"
325108,325105,"SURVEY",0,"PPI","ANSWER",1585735,"","3 = Good",1585738,104335,0,1,0,1,0,"325062.325105.325108","3 = Good|[survey_rank1]"
325109,325105,"SURVEY",0,"PPI","ANSWER",1585735,"","2 = Fair",1585739,103780,0,1,0,1,0,"325062.325105.325109","2 = Fair|[survey_rank1]"
325110,325105,"SURVEY",0,"PPI","ANSWER",1585735,"","1 = Poor",1585740,104324,0,1,0,1,0,"325062.325105.325110","1 = Poor|[survey_rank1]"
325111,325062,"SURVEY",0,"PPI","QUESTION",1585741,"","To what extent are you able to carry out your everyday physical activities such as walking, climbing stairs, carrying groceries, or moving a chair?","",519840,1,1,0,1,0,325062.325111,"To what extent are you able to carry out your everyday physical activities such as walking, climbing stairs, carrying groceries, or moving a chair?|[survey_rank1]"
325112,325111,"SURVEY",0,"PPI","ANSWER",1585741,"","5 = Completely",1585742,104261,0,1,0,1,0,"325062.325111.325112","5 = Completely|[survey_rank1]"
325113,325111,"SURVEY",0,"PPI","ANSWER",1585741,"","4 = Mostly",1585743,104105,0,1,0,1,0,"325062.325111.325113","4 = Mostly|[survey_rank1]"
325114,325111,"SURVEY",0,"PPI","ANSWER",1585741,"","3 = Moderately",1585744,103800,0,1,0,1,0,"325062.325111.325114","3 = Moderately|[survey_rank1]"
325115,325111,"SURVEY",0,"PPI","ANSWER",1585741,"","2 = A little",1585745,104349,0,1,0,1,0,"325062.325111.325115","2 = A little|[survey_rank1]"
325116,325111,"SURVEY",0,"PPI","ANSWER",1585741,"","1 = Not at all",1585746,103325,0,1,0,1,0,"325062.325111.325116","1 = Not at all|[survey_rank1]"
325117,325062,"SURVEY",0,"PPI","QUESTION",1585747,"","In the past 7 days, how would you rate your pain on average (0= No pain, 10= Worst pain imaginable)?","",521972,1,1,0,1,0,325062.325117,"In the past 7 days, how would you rate your pain on average (0= No pain, 10= Worst pain imaginable)?|[survey_rank1]"
325118,325117,"SURVEY",0,"PPI","ANSWER",1585747,"",0,0,47574,0,1,0,1,0,"325062.325117.325118","0|[survey_rank1]"
325119,325117,"SURVEY",0,"PPI","ANSWER",1585747,"",1,1,47495,0,1,0,1,0,"325062.325117.325119","1|[survey_rank1]"
325120,325117,"SURVEY",0,"PPI","ANSWER",1585747,"",2,2,47808,0,1,0,1,0,"325062.325117.325120","2|[survey_rank1]"
325121,325117,"SURVEY",0,"PPI","ANSWER",1585747,"",3,3,47339,0,1,0,1,0,"325062.325117.325121","3|[survey_rank1]"
325122,325117,"SURVEY",0,"PPI","ANSWER",1585747,"",4,4,47304,0,1,0,1,0,"325062.325117.325122","4|[survey_rank1]"
325123,325117,"SURVEY",0,"PPI","ANSWER",1585747,"",5,5,47371,0,1,0,1,0,"325062.325117.325123","5|[survey_rank1]"
325124,325117,"SURVEY",0,"PPI","ANSWER",1585747,"",6,6,47579,0,1,0,1,0,"325062.325117.325124","6|[survey_rank1]"
325125,325117,"SURVEY",0,"PPI","ANSWER",1585747,"",7,7,46941,0,1,0,1,0,"325062.325117.325125","7|[survey_rank1]"
325126,325117,"SURVEY",0,"PPI","ANSWER",1585747,"",8,8,47911,0,1,0,1,0,"325062.325117.325126","8|[survey_rank1]"
325127,325117,"SURVEY",0,"PPI","ANSWER",1585747,"",9,9,47199,0,1,0,1,0,"325062.325117.325127","9|[survey_rank1]"
325128,325117,"SURVEY",0,"PPI","ANSWER",1585747,"",10,10,47451,0,1,0,1,0,"325062.325117.325128","10|[survey_rank1]"
325129,325062,"SURVEY",0,"PPI","QUESTION",1585748,"","In the past 7 days, how would you rate your fatigue?","",519426,1,1,0,1,0,325062.325129,"In the past 7 days, how would you rate your fatigue?|[survey_rank1]"
325130,325129,"SURVEY",0,"PPI","ANSWER",1585748,"","5 = None",1585749,103896,0,1,0,1,0,"325062.325129.325130","5 = None|[survey_rank1]"
325131,325129,"SURVEY",0,"PPI","ANSWER",1585748,"","4 = Mild",1585750,104106,0,1,0,1,0,"325062.325129.325131","4 = Mild|[survey_rank1]"
325132,325129,"SURVEY",0,"PPI","ANSWER",1585748,"","3 = Moderate",1585751,104014,0,1,0,1,0,"325062.325129.325132","3 = Moderate|[survey_rank1]"
325133,325129,"SURVEY",0,"PPI","ANSWER",1585748,"","2 = Severe",1585752,103479,0,1,0,1,0,"325062.325129.325133","2 = Severe|[survey_rank1]"
325134,325129,"SURVEY",0,"PPI","ANSWER",1585748,"","1 = Very Severe",1585753,103931,0,1,0,1,0,"325062.325129.325134","1 = Very Severe|[survey_rank1]"
325135,325062,"SURVEY",0,"PPI","QUESTION",1585754,"","In general, please rate how well you carry out your usual social roles (This includes activities at home, at work and in your community, and responsibilities as a parent, child, spouse, employee, friend, etc.)","",521230,1,1,0,1,0,325062.325135,"In general, please rate how well you carry out your usual social roles (This includes activities at home, at work and in your community, and responsibilities as a parent, child, spouse, employee, friend, etc.)|[survey_rank1]"
325136,325135,"SURVEY",0,"PPI","ANSWER",1585754,"","5 = Excellent",1585755,104345,0,1,0,1,0,"325062.325135.325136","5 = Excellent|[survey_rank1]"
325137,325135,"SURVEY",0,"PPI","ANSWER",1585754,"","4 = Very Good",1585756,104573,0,1,0,1,0,"325062.325135.325137","4 = Very Good|[survey_rank1]"
325138,325135,"SURVEY",0,"PPI","ANSWER",1585754,"","3 = Good",1585757,104067,0,1,0,1,0,"325062.325135.325138","3 = Good|[survey_rank1]"
325139,325135,"SURVEY",0,"PPI","ANSWER",1585754,"","2 = Fair",1585758,103792,0,1,0,1,0,"325062.325135.325139","2 = Fair|[survey_rank1]"
325140,325135,"SURVEY",0,"PPI","ANSWER",1585754,"","1 = Poor",1585759,104453,0,1,0,1,0,"325062.325135.325140","1 = Poor|[survey_rank1]"
325141,325062,"SURVEY",0,"PPI","QUESTION",1585760,"","In the past 7 days, how often have you been bothered by emotional problems such as feeling anxious, depressed or irritable?","",520014,1,1,0,1,0,325062.325141,"In the past 7 days, how often have you been bothered by emotional problems such as feeling anxious, depressed or irritable?|[survey_rank1]"
325142,325141,"SURVEY",0,"PPI","ANSWER",1585760,"","5 = Never",1585761,104406,0,1,0,1,0,"325062.325141.325142","5 = Never|[survey_rank1]"
325143,325141,"SURVEY",0,"PPI","ANSWER",1585760,"","4 = Rarely",1585762,104159,0,1,0,1,0,"325062.325141.325143","4 = Rarely|[survey_rank1]"
325144,325141,"SURVEY",0,"PPI","ANSWER",1585760,"","3 = Sometimes",1585763,103926,0,1,0,1,0,"325062.325141.325144","3 = Sometimes|[survey_rank1]"
325145,325141,"SURVEY",0,"PPI","ANSWER",1585760,"","2 = Often",1585764,103918,0,1,0,1,0,"325062.325141.325145","2 = Often|[survey_rank1]"
325146,325141,"SURVEY",0,"PPI","ANSWER",1585760,"","1 = Always",1585765,103605,0,1,0,1,0,"325062.325141.325146","1 = Always|[survey_rank1]"
325063,325062,"SURVEY",0,"PPI","QUESTION",1585766,"","How confident are you filling out medical forms by yourself?","",520544,1,1,0,1,0,325062.325063,"How confident are you filling out medical forms by yourself?|[survey_rank1]"
325064,325063,"SURVEY",0,"PPI","ANSWER",1585766,"","Extremely",1585767,103863,0,1,0,1,0,"325062.325063.325064","Extremely|[survey_rank1]"
325065,325063,"SURVEY",0,"PPI","ANSWER",1585766,"","Quite a bit",1585768,104511,0,1,0,1,0,"325062.325063.325065","Quite a bit|[survey_rank1]"
325066,325063,"SURVEY",0,"PPI","ANSWER",1585766,"","Somewhat",1585769,103962,0,1,0,1,0,"325062.325063.325066","Somewhat|[survey_rank1]"
325067,325063,"SURVEY",0,"PPI","ANSWER",1585766,"","A little bit",1585770,104314,0,1,0,1,0,"325062.325063.325067","A little bit|[survey_rank1]"
325068,325063,"SURVEY",0,"PPI","ANSWER",1585766,"","Not at all",1585771,103894,0,1,0,1,0,"325062.325063.325068","Not at all|[survey_rank1]"
325069,325062,"SURVEY",0,"PPI","QUESTION",1585772,"","How often do you have someone help you read health-related materials?","",518191,1,1,0,1,0,325062.325069,"How often do you have someone help you read health-related materials?|[survey_rank1]"
325070,325069,"SURVEY",0,"PPI","ANSWER",1585772,"","Always",1585773,103603,0,1,0,1,0,"325062.325069.325070","Always|[survey_rank1]"
325071,325069,"SURVEY",0,"PPI","ANSWER",1585772,"","Often",1585774,104107,0,1,0,1,0,"325062.325069.325071","Often|[survey_rank1]"
325072,325069,"SURVEY",0,"PPI","ANSWER",1585772,"","Sometimes",1585775,103640,0,1,0,1,0,"325062.325069.325072","Sometimes|[survey_rank1]"
325073,325069,"SURVEY",0,"PPI","ANSWER",1585772,"","Occasionally",1585776,103536,0,1,0,1,0,"325062.325069.325073","Occasionally|[survey_rank1]"
325074,325069,"SURVEY",0,"PPI","ANSWER",1585772,"","Never",1585777,103305,0,1,0,1,0,"325062.325069.325074","Never|[survey_rank1]"
325075,325062,"SURVEY",0,"PPI","QUESTION",1585778,"","How often do you have problems learning about your medical condition because of difficulty understanding written information?","",519036,1,1,0,1,0,325062.325075,"How often do you have problems learning about your medical condition because of difficulty understanding written information?|[survey_rank1]"
325076,325075,"SURVEY",0,"PPI","ANSWER",1585778,"","Always",1585779,103580,0,1,0,1,0,"325062.325075.325076","Always|[survey_rank1]"
325077,325075,"SURVEY",0,"PPI","ANSWER",1585778,"","Often",1585780,104078,0,1,0,1,0,"325062.325075.325077","Often|[survey_rank1]"
325078,325075,"SURVEY",0,"PPI","ANSWER",1585778,"","Sometimes",1585781,103880,0,1,0,1,0,"325062.325075.325078","Sometimes|[survey_rank1]"
325079,325075,"SURVEY",0,"PPI","ANSWER",1585778,"","Occasionally",1585782,103320,0,1,0,1,0,"325062.325075.325079","Occasionally|[survey_rank1]"
325080,325075,"SURVEY",0,"PPI","ANSWER",1585778,"","Never",1585783,104178,0,1,0,1,0,"325062.325075.325080","Never|[survey_rank1]"
325147,325062,"SURVEY",0,"PPI","QUESTION",1585784,"","Have your menstrual periods stopped permanently?","",353466,1,1,0,1,0,325062.325147,"Have your menstrual periods stopped permanently?|[survey_rank1]"
325148,325147,"SURVEY",0,"PPI","ANSWER",1585784,"","No",1585785,70609,0,1,0,1,0,"325062.325147.325148","No|[survey_rank1]"
325149,325147,"SURVEY",0,"PPI","ANSWER",1585784,"","Yes, I have no menstrual periods",1585786,70731,0,1,0,1,0,"325062.325147.325149","Yes, I have no menstrual periods|[survey_rank1]"
325150,325147,"SURVEY",0,"PPI","ANSWER",1585784,"","Yes, but I have periods induced by hormones",1585787,70634,0,1,0,1,0,"325062.325147.325150","Yes, but I have periods induced by hormones|[survey_rank1]"
325151,325147,"SURVEY",0,"PPI","ANSWER",1585784,"","Not sure",1585788,70730,0,1,0,1,0,"325062.325147.325151","Not sure|[survey_rank1]"
325152,325062,"SURVEY",0,"PPI","QUESTION",1585789,"","Why did your periods stop?","",186189,1,1,0,1,0,325062.325152,"Why did your periods stop?|[survey_rank1]"
325153,325152,"SURVEY",0,"PPI","ANSWER",1585789,"","Natural menopause (change of life)",1585821,26811,0,1,0,1,0,"325062.325152.325153","Natural menopause (change of life)|[survey_rank1]"
325154,325152,"SURVEY",0,"PPI","ANSWER",1585789,"","Surgery (a hysterectomy to remove your uterus and/or an oophorectomy to remove your ovaries)",1585822,26339,0,1,0,1,0,"325062.325152.325154","Surgery (a hysterectomy to remove your uterus and/or an oophorectomy to remove your ovaries)|[survey_rank1]"
325155,325152,"SURVEY",0,"PPI","ANSWER",1585789,"","Endometrial ablation ( removal of the lining of the uterus) ",1585823,26314,0,1,0,1,0,"325062.325152.325155","Endometrial ablation ( removal of the lining of the uterus) |[survey_rank1]"
325156,325152,"SURVEY",0,"PPI","ANSWER",1585789,"","Medication, chemotherapy, or radiation",1585790,26973,0,1,0,1,0,"325062.325152.325156","Medication, chemotherapy, or radiation|[survey_rank1]"
325161,325062,"SURVEY",0,"PPI","QUESTION",1585791,"","Have you ever had a hysterectomy (that is, surgery to remove your uterus or womb)?","",185727,1,1,0,1,0,325062.325161,"Have you ever had a hysterectomy (that is, surgery to remove your uterus or womb)?|[survey_rank1]"
325162,325161,"SURVEY",0,"PPI","ANSWER",1585791,"","Yes",1585792,46319,0,1,0,1,0,"325062.325161.325162","Yes|[survey_rank1]"
325163,325161,"SURVEY",0,"PPI","ANSWER",1585791,"","No",1585793,46744,0,1,0,1,0,"325062.325161.325163","No|[survey_rank1]"
325164,325161,"SURVEY",0,"PPI","ANSWER",1585791,"","Not sure",1585794,46231,0,1,0,1,0,"325062.325161.325164","Not sure|[survey_rank1]"
325165,325062,"SURVEY",0,"PPI","QUESTION",1585796,"","Have you ever had an ovary removed?","",185787,1,1,0,1,0,325062.325165,"Have you ever had an ovary removed?|[survey_rank1]"
325166,325165,"SURVEY",0,"PPI","ANSWER",1585796,"","No",1585797,31000,0,1,0,1,0,"325062.325165.325166","No|[survey_rank1]"
325167,325165,"SURVEY",0,"PPI","ANSWER",1585796,"","Yes, but only one ovary or part of one ovary",1585798,30813,0,1,0,1,0,"325062.325165.325167","Yes, but only one ovary or part of one ovary|[survey_rank1]"
325168,325165,"SURVEY",0,"PPI","ANSWER",1585796,"","Yes, both ovaries",1585799,31049,0,1,0,1,0,"325062.325165.325168","Yes, both ovaries|[survey_rank1]"
325169,325165,"SURVEY",0,"PPI","ANSWER",1585796,"","Yes, but don't know whether one or both ovaries",1585800,31036,0,1,0,1,0,"325062.325165.325169","Yes, but don't know whether one or both ovaries|[survey_rank1]"
325170,325165,"SURVEY",0,"PPI","ANSWER",1585796,"","Not sure",1585801,30914,0,1,0,1,0,"325062.325165.325170","Not sure|[survey_rank1]"
325171,325062,"SURVEY",0,"PPI","QUESTION",1585803,"","Have you had a transplant of any type?","",518312,1,1,0,1,0,325062.325171,"Have you had a transplant of any type?|[survey_rank1]"
325172,325171,"SURVEY",0,"PPI","ANSWER",1585803,"","Yes",1585804,259240,0,1,0,1,0,"325062.325171.325172","Yes|[survey_rank1]"
325173,325171,"SURVEY",0,"PPI","ANSWER",1585803,"","No",1585805,259072,0,1,0,1,0,"325062.325171.325173","No|[survey_rank1]"
325174,325062,"SURVEY",0,"PPI","QUESTION",1585806,"","If yes, please check all that apply","",7291,1,1,0,1,0,325062.325174,"If yes, please check all that apply|[survey_rank1]"
325175,325174,"SURVEY",0,"PPI","ANSWER",1585806,"","Heart",1585824,957,0,1,0,1,0,"325062.325174.325175","Heart|[survey_rank1]"
325176,325174,"SURVEY",0,"PPI","ANSWER",1585806,"","Kidney",1585825,982,0,1,0,1,0,"325062.325174.325176","Kidney|[survey_rank1]"
325177,325174,"SURVEY",0,"PPI","ANSWER",1585806,"","Liver",1585826,931,0,1,0,1,0,"325062.325174.325177","Liver|[survey_rank1]"
325178,325174,"SURVEY",0,"PPI","ANSWER",1585806,"","Lung",1585827,932,0,1,0,1,0,"325062.325174.325178","Lung|[survey_rank1]"
325179,325174,"SURVEY",0,"PPI","ANSWER",1585806,"","Pancreas",1585828,0,0,1,0,1,0,"325062.325174.325179","Pancreas|[survey_rank1]"
325180,325174,"SURVEY",0,"PPI","ANSWER",1585806,"","Intestine",1585829,0,0,1,0,1,0,"325062.325174.325180","Intestine|[survey_rank1]"
325181,325174,"SURVEY",0,"PPI","ANSWER",1585806,"","Cornea",1585830,957,0,1,0,1,0,"325062.325174.325181","Cornea|[survey_rank1]"
325182,325174,"SURVEY",0,"PPI","ANSWER",1585806,"","Bone",1585831,965,0,1,0,1,0,"325062.325174.325182","Bone|[survey_rank1]"
325183,325174,"SURVEY",0,"PPI","ANSWER",1585806,"","Valve",1585832,930,0,1,0,1,0,"325062.325174.325183","Valve|[survey_rank1]"
325184,325174,"SURVEY",0,"PPI","ANSWER",1585806,"","Skin",1585833,0,0,1,0,1,0,"325062.325174.325184","Skin|[survey_rank1]"
325185,325174,"SURVEY",0,"PPI","ANSWER",1585806,"","Blood vessels",1585834,0,0,1,0,1,0,"325062.325174.325185","Blood vessels|[survey_rank1]"
325157,325062,"SURVEY",0,"PPI","QUESTION",1585811,"","Are you currently pregnant?","",178445,1,1,0,1,0,325062.325157,"Are you currently pregnant?|[survey_rank1]"
325158,325157,"SURVEY",0,"PPI","ANSWER",1585811,"","Yes",1585812,44935,0,1,0,1,0,"325062.325157.325158","Yes|[survey_rank1]"
325159,325157,"SURVEY",0,"PPI","ANSWER",1585811,"","No",1585813,44489,0,1,0,1,0,"325062.325157.325159","No|[survey_rank1]"
325160,325157,"SURVEY",0,"PPI","ANSWER",1585811,"","Not sure",1585814,44325,0,1,0,1,0,"325062.325157.325160","Not sure|[survey_rank1]"
325186,325062,"SURVEY",0,"PPI","QUESTION",1585815,"","Have you traveled outside of the country within the past 6 months - prior to taking the survey.","",519165,1,1,0,1,0,325062.325186,"Have you traveled outside of the country within the past 6 months - prior to taking the survey.|[survey_rank1]"
325187,325186,"SURVEY",0,"PPI","ANSWER",1585815,"","Yes",1585816,173198,0,1,0,1,0,"325062.325186.325187","Yes|[survey_rank1]"
325188,325186,"SURVEY",0,"PPI","ANSWER",1585815,"","No",1585817,172320,0,1,0,1,0,"325062.325186.325188","No|[survey_rank1]"
325189,325186,"SURVEY",0,"PPI","ANSWER",1585815,"","Don't know",1585818,173647,0,1,0,1,0,"325062.325186.325189","Don't know|[survey_rank1]"
324851,324836,"SURVEY",0,"PPI","QUESTION",1585838,"","What terms best express how you describe your gender identity?","",510711,1,1,0,1,0,324836.324851,"What terms best express how you describe your gender identity?|[survey_rank1]"
324852,324851,"SURVEY",0,"PPI","ANSWER",1585838,"","Man",1585839,72885,0,1,0,1,0,"324836.324851.324852","Man|[survey_rank1]"
324853,324851,"SURVEY",0,"PPI","ANSWER",1585838,"","Woman",1585840,72929,0,1,0,1,0,"324836.324851.324853","Woman|[survey_rank1]"
324854,324851,"SURVEY",0,"PPI","ANSWER",1585838,"","Other or Unknown",994,0,0,1,0,1,0,"324836.324851.324854","Other or Unknown|[survey_rank1]"
324847,324836,"SURVEY",0,"PPI","QUESTION",1585845,"","What was your biological sex assigned at birth?","",510518,1,1,0,1,0,324836.324847,"What was your biological sex assigned at birth?|[survey_rank1]"
324848,324847,"SURVEY",0,"PPI","ANSWER",1585845,"","Female",1585847,85070,0,1,0,1,0,"324836.324847.324848","Female|[survey_rank1]"
324849,324847,"SURVEY",0,"PPI","ANSWER",1585845,"","Male",1585846,85210,0,1,0,1,0,"324836.324847.324849","Male|[survey_rank1]"
324850,324847,"SURVEY",0,"PPI","ANSWER",1585845,"","Other or Unknown",993,0,0,1,0,1,0,"324836.324847.324850","Other or Unknown|[survey_rank1]"
324863,324836,"SURVEY",0,"PPI","QUESTION",1585852,"","Have you ever served on active duty in the United States Armed forces, either in the regular military or in a National Guard or military reserve unit?","",537424,1,1,0,1,0,324836.324863,"Have you ever served on active duty in the United States Armed forces, either in the regular military or in a National Guard or military reserve unit?|[survey_rank1]"
324864,324863,"SURVEY",0,"PPI","ANSWER",1585852,"","Yes",1585853,178879,0,1,0,1,0,"324836.324863.324864","Yes|[survey_rank1]"
324865,324863,"SURVEY",0,"PPI","ANSWER",1585852,"","No",1585854,179178,0,1,0,1,0,"324836.324863.324865","No|[survey_rank1]"
324923,0,"SURVEY",0,"PPI","SURVEY",1585855,"","Lifestyle","",568120,1,1,0,1,0,324923,"Lifestyle|[survey_rank1]"
324924,324923,"SURVEY",0,"PPI","TOPIC",1585856,"","Smoking","",-1,1,0,0,1,0,324923.324924,"Smoking"
324925,324924,"SURVEY",0,"PPI","QUESTION",1585857,"","Have you smoked at least 100 cigarettes in your entire life? (There are 20 cigarettes in a pack.)?","",519815,1,1,0,1,0,"324923.324924.324925","Have you smoked at least 100 cigarettes in your entire life? (There are 20 cigarettes in a pack.)?|[survey_rank1]"
324926,324925,"SURVEY",0,"PPI","ANSWER",1585857,"","Yes",1585858,130282,0,1,0,1,0,"324923.324924.324925.324926","Yes|[survey_rank1]"
324927,324925,"SURVEY",0,"PPI","ANSWER",1585857,"","No",1585859,129735,0,1,0,1,0,"324923.324924.324925.324927","No|[survey_rank1]"
324928,324924,"SURVEY",0,"PPI","QUESTION",1585860,"","Do you now smoke cigarettes every day, some days, or not at all?","",161263,1,1,0,1,0,"324923.324924.324928","Do you now smoke cigarettes every day, some days, or not at all?|[survey_rank1]"
324929,324928,"SURVEY",0,"PPI","ANSWER",1585860,"","Every day",1585861,32133,0,1,0,1,0,"324923.324924.324928.324929","Every day|[survey_rank1]"
324930,324928,"SURVEY",0,"PPI","ANSWER",1585860,"","Some Days",1585862,32418,0,1,0,1,0,"324923.324924.324928.324930","Some Days|[survey_rank1]"
324931,324928,"SURVEY",0,"PPI","ANSWER",1585860,"","Not at all",1585863,32503,0,1,0,1,0,"324923.324924.324928.324931","Not at all|[survey_rank1]"
324932,324924,"SURVEY",0,"PPI","QUESTION",1585867,"","In the past, have you ever made a serious attempt to quit smoking? That is, have you stopped smoking for at least one day or longer because you were trying to quit?","",157789,1,1,0,1,0,"324923.324924.324932","In the past, have you ever made a serious attempt to quit smoking? That is, have you stopped smoking for at least one day or longer because you were trying to quit?|[survey_rank1]"
324933,324932,"SURVEY",0,"PPI","ANSWER",1585867,"","Yes",1585868,39610,0,1,0,1,0,"324923.324924.324932.324933","Yes|[survey_rank1]"
324934,324932,"SURVEY",0,"PPI","ANSWER",1585867,"","No",1585869,39563,0,1,0,1,0,"324923.324924.324932.324934","No|[survey_rank1]"
324913,324836,"SURVEY",0,"PPI","QUESTION",1585879,"","How many years have you lived at your current address?","",538577,1,1,0,1,0,324836.324913,"How many years have you lived at your current address?|[survey_rank1]"
324914,324913,"SURVEY",0,"PPI","ANSWER",1585879,"","Less than 1 year",1585880,89430,0,1,0,1,0,"324836.324913.324914","Less than 1 year|[survey_rank1]"
324915,324913,"SURVEY",0,"PPI","ANSWER",1585879,"","1--2 years",1585881,89813,0,1,0,1,0,"324836.324913.324915","1--2 years|[survey_rank1]"
324916,324913,"SURVEY",0,"PPI","ANSWER",1585879,"","3--5 years",1585882,89622,0,1,0,1,0,"324836.324913.324916","3--5 years|[survey_rank1]"
324917,324913,"SURVEY",0,"PPI","ANSWER",1585879,"","6--10 years",1585883,89682,0,1,0,1,0,"324836.324913.324917","6--10 years|[survey_rank1]"
324918,324913,"SURVEY",0,"PPI","ANSWER",1585879,"","11--20 years",1585884,90259,0,1,0,1,0,"324836.324913.324918","11--20 years|[survey_rank1]"
324919,324913,"SURVEY",0,"PPI","ANSWER",1585879,"","More than 20 years",1585885,89771,0,1,0,1,0,"324836.324913.324919","More than 20 years|[survey_rank1]"
324920,324836,"SURVEY",0,"PPI","QUESTION",1585886,"","In the past 6 months, have you been worried or concerned about NOT having a place to live?","",538273,1,1,0,1,0,324836.324920,"In the past 6 months, have you been worried or concerned about NOT having a place to live?|[survey_rank1]"
324921,324920,"SURVEY",0,"PPI","ANSWER",1585886,"","Yes",1585887,269418,0,1,0,1,0,"324836.324920.324921","Yes|[survey_rank1]"
324922,324920,"SURVEY",0,"PPI","ANSWER",1585886,"","No",1585888,268855,0,1,0,1,0,"324836.324920.324922","No|[survey_rank1]"
324866,324836,"SURVEY",0,"PPI","QUESTION",1585892,"","What is your current marital status?","",539286,1,1,0,1,0,324836.324866,"What is your current marital status?|[survey_rank1]"
324867,324866,"SURVEY",0,"PPI","ANSWER",1585892,"","Married",1585893,76906,0,1,0,1,0,"324836.324866.324867","Married|[survey_rank1]"
324868,324866,"SURVEY",0,"PPI","ANSWER",1585892,"","Divorced",1585894,76879,0,1,0,1,0,"324836.324866.324868","Divorced|[survey_rank1]"
324869,324866,"SURVEY",0,"PPI","ANSWER",1585892,"","Widowed",1585895,77065,0,1,0,1,0,"324836.324866.324869","Widowed|[survey_rank1]"
324870,324866,"SURVEY",0,"PPI","ANSWER",1585892,"","Separated",1585896,76943,0,1,0,1,0,"324836.324866.324870","Separated|[survey_rank1]"
324871,324866,"SURVEY",0,"PPI","ANSWER",1585892,"","Never married",1585897,76699,0,1,0,1,0,"324836.324866.324871","Never married|[survey_rank1]"
324872,324866,"SURVEY",0,"PPI","ANSWER",1585892,"","Living with partner",1585898,77338,0,1,0,1,0,"324836.324866.324872","Living with partner|[survey_rank1]"
324855,324836,"SURVEY",0,"PPI","QUESTION",1585899,"","Which of the following best represents how you think of yourself?","",510644,1,1,0,1,0,324836.324855,"Which of the following best represents how you think of yourself?|[survey_rank1]"
324856,324855,"SURVEY",0,"PPI","ANSWER",1585899,"","Straight; that is, not gay or lesbian, etc.",1585900,72886,0,1,0,1,0,"324836.324855.324856","Straight; that is, not gay or lesbian, etc.|[survey_rank1]"
324857,324855,"SURVEY",0,"PPI","ANSWER",1585899,"","Non-straight or unknown",995,0,0,1,0,1,0,"324836.324855.324857","Non-straight or unknown|[survey_rank1]"
324858,324836,"SURVEY",0,"PPI","QUESTION",1585940,"","What is the highest grade or year of school you completed?","",510410,1,1,0,1,0,324836.324858,"What is the highest grade or year of school you completed?|[survey_rank1]"
324859,324858,"SURVEY",0,"PPI","ANSWER",1585940,"","Advanced degree",1585948,50697,0,1,0,1,0,"324836.324858.324859","Advanced degree|[survey_rank1]"
324860,324858,"SURVEY",0,"PPI","ANSWER",1585940,"","1 to 3 years (Some college, Associate's Degree or technical school)",1585946,51230,0,1,0,1,0,"324836.324858.324860","1 to 3 years (Some college, Associate's Degree or technical school)|[survey_rank1]"
324861,324858,"SURVEY",0,"PPI","ANSWER",1585940,"","Grade 12 or GED (High school graduate)",1585945,51170,0,1,0,1,0,"324836.324858.324861","Grade 12 or GED (High school graduate)|[survey_rank1]"
324862,324858,"SURVEY",0,"PPI","ANSWER",1585940,"","Other",996,0,0,1,0,1,0,"324836.324858.324862","Other|[survey_rank1]"
324885,324836,"SURVEY",0,"PPI","QUESTION",1585952,"","What is your current employment status? Please select 1 or more of these categories.","",539765,1,1,0,1,0,324836.324885,"What is your current employment status? Please select 1 or more of these categories.|[survey_rank1]"
324886,324885,"SURVEY",0,"PPI","ANSWER",1585952,"","Employed for wages (part-time or full-time) or Self-employed",1585953,64956,0,1,0,1,0,"324836.324885.324886","Employed for wages (part-time or full-time) or Self-employed|[survey_rank1]"
324887,324885,"SURVEY",0,"PPI","ANSWER",1585952,"","Out of work",1585955,64974,0,1,0,1,0,"324836.324885.324887","Out of work|[survey_rank1]"
324836,0,"SURVEY",0,"PPI","SURVEY",1586134,"","The Basics","",567437,1,1,0,1,0,324836,"The Basics|[survey_rank1]"
324837,324836,"SURVEY",0,"PPI","QUESTION",1586135,"","In what country were you born?","",532267,1,1,0,1,0,324836.324837,"In what country were you born?|[survey_rank1]"
324838,324837,"SURVEY",0,"PPI","ANSWER",1586135,"","USA",1586136,265583,0,1,0,1,0,"324836.324837.324838","USA|[survey_rank1]"
324839,324837,"SURVEY",0,"PPI","ANSWER",1586135,"","Other",1586137,0,0,1,0,1,0,"324836.324837.324839","Other|[survey_rank1]"
324840,324836,"SURVEY",0,"PPI","QUESTION",1586140,"","Which race/ethnicity categories describe you?","",510974,1,1,0,1,0,324836.324840,"Which race/ethnicity categories describe you?|[survey_rank1]"
324841,324840,"SURVEY",0,"PPI","ANSWER",1586140,"","White Alone",1586146,66595,0,1,0,1,0,"324836.324840.324841","White Alone|[survey_rank1]"
324842,324840,"SURVEY",0,"PPI","ANSWER",1586140,"","Black Alone",1586143,66685,0,1,0,1,0,"324836.324840.324842","Black Alone|[survey_rank1]"
324843,324840,"SURVEY",0,"PPI","ANSWER",1586140,"","Asian Alone",1586142,66166,0,1,0,1,0,"324836.324840.324843","Asian Alone|[survey_rank1]"
324844,324840,"SURVEY",0,"PPI","ANSWER",1586140,"","Other Alone",990,0,0,1,0,1,0,"324836.324840.324844","Other Alone|[survey_rank1]"
324845,324840,"SURVEY",0,"PPI","ANSWER",1586140,"","Mixed Racial Group",991,0,0,1,0,1,0,"324836.324840.324845","Mixed Racial Group|[survey_rank1]"
324846,324840,"SURVEY",0,"PPI","ANSWER",1586140,"","Unknown",992,0,0,1,0,1,0,"324836.324840.324846","Unknown|[survey_rank1]"
324935,324923,"SURVEY",0,"PPI","TOPIC",1586165,"","Electronic Smoking","",-1,1,0,0,1,0,324923.324935,"Electronic Smoking"
324936,324935,"SURVEY",0,"PPI","QUESTION",1586166,"","Have you ever used an electronic nicotine product, even one or two times? (Electronic nicotine products include e- cigarettes, vape pens, hookah pens, personal vaporizers and mods, e-cigars, e-pipes, and e-hookahs.)","",518617,1,1,0,1,0,"324923.324935.324936","Have you ever used an electronic nicotine product, even one or two times? (Electronic nicotine products include e- cigarettes, vape pens, hookah pens, personal vaporizers and mods, e-cigars, e-pipes, and e-hookahs.)|[survey_rank1]"
324937,324936,"SURVEY",0,"PPI","ANSWER",1586166,"","Yes",1586167,129332,0,1,0,1,0,"324923.324935.324936.324937","Yes|[survey_rank1]"
324938,324936,"SURVEY",0,"PPI","ANSWER",1586166,"","No",1586168,129728,0,1,0,1,0,"324923.324935.324936.324938","No|[survey_rank1]"
324939,324935,"SURVEY",0,"PPI","QUESTION",1586169,"","Do you now use electronic nicotine products","",80022,1,1,0,1,0,"324923.324935.324939","Do you now use electronic nicotine products|[survey_rank1]"
324940,324939,"SURVEY",0,"PPI","ANSWER",1586169,"","Every day",1586170,15998,0,1,0,1,0,"324923.324935.324939.324940","Every day|[survey_rank1]"
324941,324939,"SURVEY",0,"PPI","ANSWER",1586169,"","Some Days",1586171,16176,0,1,0,1,0,"324923.324935.324939.324941","Some Days|[survey_rank1]"
324942,324939,"SURVEY",0,"PPI","ANSWER",1586169,"","Not at all",1586172,15837,0,1,0,1,0,"324923.324935.324939.324942","Not at all|[survey_rank1]"
324943,324923,"SURVEY",0,"PPI","TOPIC",1586173,"","Cigar Smoking","",-1,1,0,0,1,0,324923.324943,"Cigar Smoking"
324944,324943,"SURVEY",0,"PPI","QUESTION",1586174,"","Have you ever smoked a traditional cigar, cigarillo, or filtered cigar, even one of two puffs?","",518664,1,1,0,1,0,"324923.324943.324944","Have you ever smoked a traditional cigar, cigarillo, or filtered cigar, even one of two puffs?|[survey_rank1]"
324945,324944,"SURVEY",0,"PPI","ANSWER",1586174,"","Yes",1586175,129301,0,1,0,1,0,"324923.324943.324944.324945","Yes|[survey_rank1]"
324946,324944,"SURVEY",0,"PPI","ANSWER",1586174,"","No",1586176,129973,0,1,0,1,0,"324923.324943.324944.324946","No|[survey_rank1]"
324947,324943,"SURVEY",0,"PPI","QUESTION",1586177,"","Do you now smoke a traditional cigar, cigarillo, or filtered cigar","",216592,1,1,0,1,0,"324923.324943.324947","Do you now smoke a traditional cigar, cigarillo, or filtered cigar|[survey_rank1]"
324948,324947,"SURVEY",0,"PPI","ANSWER",1586177,"","Every day",1586178,43354,0,1,0,1,0,"324923.324943.324947.324948","Every day|[survey_rank1]"
324949,324947,"SURVEY",0,"PPI","ANSWER",1586177,"","Some Days",1586179,43170,0,1,0,1,0,"324923.324943.324947.324949","Some Days|[survey_rank1]"
324950,324947,"SURVEY",0,"PPI","ANSWER",1586177,"","Not at all",1586180,43314,0,1,0,1,0,"324923.324943.324947.324950","Not at all|[survey_rank1]"
324951,324923,"SURVEY",0,"PPI","TOPIC",1586181,"","Hookah Smoking","",-1,1,0,0,1,0,324923.324951,"Hookah Smoking"
324952,324951,"SURVEY",0,"PPI","QUESTION",1586182,"","Have you ever smoked tobacco in a hookah, even one or two puffs?","",518100,1,1,0,1,0,"324923.324951.324952","Have you ever smoked tobacco in a hookah, even one or two puffs?|[survey_rank1]"
324953,324952,"SURVEY",0,"PPI","ANSWER",1586182,"","Yes",1586183,129171,0,1,0,1,0,"324923.324951.324952.324953","Yes|[survey_rank1]"
324954,324952,"SURVEY",0,"PPI","ANSWER",1586182,"","No",1586184,128735,0,1,0,1,0,"324923.324951.324952.324954","No|[survey_rank1]"
324955,324951,"SURVEY",0,"PPI","QUESTION",1586185,"","Do you smoke hookah","",123346,1,1,0,1,0,"324923.324951.324955","Do you smoke hookah|[survey_rank1]"
324956,324955,"SURVEY",0,"PPI","ANSWER",1586185,"","Every day",1586186,24814,0,1,0,1,0,"324923.324951.324955.324956","Every day|[survey_rank1]"
324957,324955,"SURVEY",0,"PPI","ANSWER",1586185,"","Some Days",1586187,24682,0,1,0,1,0,"324923.324951.324955.324957","Some Days|[survey_rank1]"
324958,324955,"SURVEY",0,"PPI","ANSWER",1586185,"","Not at all",1586188,24506,0,1,0,1,0,"324923.324951.324955.324958","Not at all|[survey_rank1]"
324959,324923,"SURVEY",0,"PPI","TOPIC",1586189,"","Smokeless Tobacco","",-1,1,0,0,1,0,324923.324959,"Smokeless Tobacco"
324960,324959,"SURVEY",0,"PPI","QUESTION",1586190,"","Have you ever used smokeless tobacco products, even one or two times? (Smokeless tobacco products include snus pouches, Skoal Bandits, loose snus, moist snuff, dip, spit, and chewing tobacco.)","",519689,1,1,0,1,0,"324923.324959.324960","Have you ever used smokeless tobacco products, even one or two times? (Smokeless tobacco products include snus pouches, Skoal Bandits, loose snus, moist snuff, dip, spit, and chewing tobacco.)|[survey_rank1]"
324961,324960,"SURVEY",0,"PPI","ANSWER",1586190,"","Yes",1586191,129196,0,1,0,1,0,"324923.324959.324960.324961","Yes|[survey_rank1]"
324962,324960,"SURVEY",0,"PPI","ANSWER",1586190,"","No",1586192,130598,0,1,0,1,0,"324923.324959.324960.324962","No|[survey_rank1]"
324963,324959,"SURVEY",0,"PPI","QUESTION",1586193,"","Do you now use smokeless tobacco products","",44105,1,1,0,1,0,"324923.324959.324963","Do you now use smokeless tobacco products|[survey_rank1]"
324964,324963,"SURVEY",0,"PPI","ANSWER",1586193,"","Every day",1586194,8704,0,1,0,1,0,"324923.324959.324963.324964","Every day|[survey_rank1]"
324965,324963,"SURVEY",0,"PPI","ANSWER",1586193,"","Some Days",1586195,8727,0,1,0,1,0,"324923.324959.324963.324965","Some Days|[survey_rank1]"
324966,324963,"SURVEY",0,"PPI","ANSWER",1586193,"","Not at all",1586196,8747,0,1,0,1,0,"324923.324959.324963.324966","Not at all|[survey_rank1]"
324967,324923,"SURVEY",0,"PPI","TOPIC",1586197,"","Alcohol","",-1,1,0,0,1,0,324923.324967,"Alcohol"
324968,324967,"SURVEY",0,"PPI","QUESTION",1586198,"","In your entire life, have you had at least 1 drink of any kind of alcohol, not counting small tastes or sips? (By a drink, we mean a can or bottle of beer, a glass of wine or a wine cooler, a shot of liquor, or a mixed drink with liquor in it.)","",520486,1,1,0,1,0,"324923.324967.324968","In your entire life, have you had at least 1 drink of any kind of alcohol, not counting small tastes or sips? (By a drink, we mean a can or bottle of beer, a glass of wine or a wine cooler, a shot of liquor, or a mixed drink with liquor in it.)|[survey_rank1]"
324969,324968,"SURVEY",0,"PPI","ANSWER",1586198,"","Yes",1586199,173527,0,1,0,1,0,"324923.324967.324968.324969","Yes|[survey_rank1]"
324970,324968,"SURVEY",0,"PPI","ANSWER",1586198,"","No",1586200,173564,0,1,0,1,0,"324923.324967.324968.324970","No|[survey_rank1]"
324971,324967,"SURVEY",0,"PPI","QUESTION",1586201,"","How often did you have a drink containing alcohol in the past year?","",491460,1,1,0,1,0,"324923.324967.324971","How often did you have a drink containing alcohol in the past year?|[survey_rank1]"
324972,324971,"SURVEY",0,"PPI","ANSWER",1586201,"","Never",1586202,81775,0,1,0,1,0,"324923.324967.324971.324972","Never|[survey_rank1]"
324973,324971,"SURVEY",0,"PPI","ANSWER",1586201,"","Monthly or less",1586203,81708,0,1,0,1,0,"324923.324967.324971.324973","Monthly or less|[survey_rank1]"
324974,324971,"SURVEY",0,"PPI","ANSWER",1586201,"","Two to four times a month ",1586204,82298,0,1,0,1,0,"324923.324967.324971.324974","Two to four times a month |[survey_rank1]"
324975,324971,"SURVEY",0,"PPI","ANSWER",1586201,"","Two to three times a week ",1586205,82275,0,1,0,1,0,"324923.324967.324971.324975","Two to three times a week |[survey_rank1]"
324976,324971,"SURVEY",0,"PPI","ANSWER",1586201,"","Four or more times a week",1586206,81707,0,1,0,1,0,"324923.324967.324971.324976","Four or more times a week|[survey_rank1]"
324977,324967,"SURVEY",0,"PPI","QUESTION",1586207,"","On a typical day when you drink,  how many drinks do you have?","",437062,1,1,0,1,0,"324923.324967.324977","On a typical day when you drink,  how many drinks do you have?|[survey_rank1]"
324978,324977,"SURVEY",0,"PPI","ANSWER",1586207,"","1 or 2",1586208,72550,0,1,0,1,0,"324923.324967.324977.324978","1 or 2|[survey_rank1]"
324979,324977,"SURVEY",0,"PPI","ANSWER",1586207,"","3 or 4",1586209,72556,0,1,0,1,0,"324923.324967.324977.324979","3 or 4|[survey_rank1]"
324980,324977,"SURVEY",0,"PPI","ANSWER",1586207,"","5 or 6 ",1586210,72999,0,1,0,1,0,"324923.324967.324977.324980","5 or 6 |[survey_rank1]"
324981,324977,"SURVEY",0,"PPI","ANSWER",1586207,"","7 to 9 ",1586211,72928,0,1,0,1,0,"324923.324967.324977.324981","7 to 9 |[survey_rank1]"
324982,324977,"SURVEY",0,"PPI","ANSWER",1586207,"","10 or more",1586212,72931,0,1,0,1,0,"324923.324967.324977.324982","10 or more|[survey_rank1]"
324983,324967,"SURVEY",0,"PPI","QUESTION",1586213,"","How often did you have six or more drinks on one occasion in the past year?","",437512,1,1,0,1,0,"324923.324967.324983","How often did you have six or more drinks on one occasion in the past year?|[survey_rank1]"
324984,324983,"SURVEY",0,"PPI","ANSWER",1586213,"","Less than monthly",1586214,72629,0,1,0,1,0,"324923.324967.324983.324984","Less than monthly|[survey_rank1]"
324985,324983,"SURVEY",0,"PPI","ANSWER",1586213,"","Monthly",1586215,73294,0,1,0,1,0,"324923.324967.324983.324985","Monthly|[survey_rank1]"
324986,324983,"SURVEY",0,"PPI","ANSWER",1586213,"","Weekly",1586216,72889,0,1,0,1,0,"324923.324967.324983.324986","Weekly|[survey_rank1]"
324987,324983,"SURVEY",0,"PPI","ANSWER",1586213,"","Daily or almost daily",1586217,72762,0,1,0,1,0,"324923.324967.324983.324987","Daily or almost daily|[survey_rank1]"
324988,324983,"SURVEY",0,"PPI","ANSWER",1586213,"","Never in the last year",1585634,72967,0,1,0,1,0,"324923.324967.324983.324988","Never in the last year|[survey_rank1]"
324876,324836,"SURVEY",0,"PPI","QUESTION",43528428,"","Are you currently covered by any of the following types of health insurance or health coverage plans? Select all that apply from one group","",0,1,1,0,1,0,324836.324876,"Are you currently covered by any of the following types of health insurance or health coverage plans? Select all that apply from one group|[survey_rank1]"
324877,324876,"SURVEY",0,"PPI","ANSWER",43528428,"","Insurance purchased directly from an insurance company (by you or another family member)",43529120,0,0,1,0,1,0,"324836.324876.324877","Insurance purchased directly from an insurance company (by you or another family member)|[survey_rank1]"
324878,324876,"SURVEY",0,"PPI","ANSWER",43528428,"","Medicare, for people 65 and older or people with certain disabilities",43529210,0,0,1,0,1,0,"324836.324876.324878","Medicare, for people 65 and older or people with certain disabilities|[survey_rank1]"
324879,324876,"SURVEY",0,"PPI","ANSWER",43528428,"","Medicaid, Medical Assistance, or any kind of government-assistance plan for those with low incomes or disability",43529209,0,0,1,0,1,0,"324836.324876.324879","Medicaid, Medical Assistance, or any kind of government-assistance plan for those with low incomes or disability|[survey_rank1]"
324880,324876,"SURVEY",0,"PPI","ANSWER",43528428,"","TRICARE or other military health care",45876394,0,0,1,0,1,0,"324836.324876.324880","TRICARE or other military health care|[survey_rank1]"
324881,324876,"SURVEY",0,"PPI","ANSWER",43528428,"","Veterans Affairs (VA) (including those who have ever used or enrolled for VA health care)",43529926,0,0,1,0,1,0,"324836.324876.324881","Veterans Affairs (VA) (including those who have ever used or enrolled for VA health care)|[survey_rank1]"
324882,324876,"SURVEY",0,"PPI","ANSWER",43528428,"","Indian Health Service",45883720,0,0,1,0,1,0,"324836.324876.324882","Indian Health Service|[survey_rank1]"
324883,324876,"SURVEY",0,"PPI","ANSWER",43528428,"","Any other type of health insurance or health coverage plan",43528423,0,0,1,0,1,0,"324836.324876.324883","Any other type of health insurance or health coverage plan|[survey_rank1]"
324884,324876,"SURVEY",0,"PPI","ANSWER",43528428,"","I don't have health insurance, self-pay",45879943,0,0,1,0,1,0,"324836.324876.324884","I don't have health insurance, self-pay|[survey_rank1]"
325014,325001,"SURVEY",0,"PPI","QUESTION",903058,"","In the PAST THREE MONTHS, how often have you used prescription stimulants for non-medical reasons (Vyvanse, Ritalin, Concerta, Dexedrine, Adderall, diet pills, etc.)","",50155,1,1,0,1,0,"324923.324989.325001.325014","In the PAST THREE MONTHS, how often have you used prescription stimulants for non-medical reasons (Vyvanse, Ritalin, Concerta, Dexedrine, Adderall, diet pills, etc.)|[survey_rank1]"
325015,325014,"SURVEY",0,"PPI","ANSWER",903058,"","Never",1585663,8196,0,1,0,1,0,"324923.324989.325001.325014.325015","Never|[survey_rank1]"
325016,325014,"SURVEY",0,"PPI","ANSWER",903058,"","Once or twice",1585664,8431,0,1,0,1,0,"324923.324989.325001.325014.325016","Once or twice|[survey_rank1]"
325017,325014,"SURVEY",0,"PPI","ANSWER",903058,"","Monthly",1585665,8358,0,1,0,1,0,"324923.324989.325001.325014.325017","Monthly|[survey_rank1]"
325018,325014,"SURVEY",0,"PPI","ANSWER",903058,"","Weekly",1585666,8387,0,1,0,1,0,"324923.324989.325001.325014.325018","Weekly|[survey_rank1]"
325019,325014,"SURVEY",0,"PPI","ANSWER",903058,"","Daily or almost daily",1585667,8338,0,1,0,1,0,"324923.324989.325001.325014.325019","Daily or almost daily|[survey_rank1]"
